Day,Platform,Content_Type,Content_Title,Content_Description,Hashtags,Expected_Engagement,Revenue_Goal
1,X (Twitter),Announcement,The announcement you've been waiting for,"LoveLogic AI LLC is proud to launch its first autonomous venture: Project Chimera. Its mission: deliver a full brand identity in seconds. We're building it in public, starting now.",#AIbranding #ProjectChimera #AutonomousVenture #LoveLogicAI,"500+ likes, 50+ retweets",$0 (awareness)
2,LinkedIn,Technical Deep-Dive,Autonomous Ventures: The Future of AI Business,How we're using self-replicating AI agents to build a profitable business in 48 hours. Technical breakdown of our multi-agent architecture.,#AIBusinessAutomation #TechLeadership #Innovation,"200+ reactions, 30+ comments",$0 (thought leadership)
3,TikTok,Behind-the-Scenes,Building an AI Business LIVE,Day 1 of coding Project Chimera. Watch an AI venture come to life in real-time. Speed-run building a profitable AI business.,#AIBusiness #TechTok #BuildInPublic #Entrepreneur,"1000+ views, 100+ likes",$0 (viral potential)
4,X (Twitter),Milestone,IT LIVES! First Logo Generated,Our 'LogoForge' agent just created its first non-terrible logo. We asked for a 'wise owl for a bookstore.' What do you all think? This is the first spark of life for Project Chimera.,#LogoForge #AIGeneration #ProjectChimera #FirstSpark,"300+ likes, 25+ retweets",$0 (product validation)
5,YouTube,Live Stream,LIVE: Project Chimera Development,2-hour live coding session building the autonomous agent swarm. Q&A about AI business automation.,#LiveCoding #AIAgents #ProjectChimera,50+ concurrent viewers,$0 (community building)
6,LinkedIn,Case Study,"From 5 AIs, a Single Brand is Born",The complete technical workflow of Project Chimera. How LangGraph orchestrates our agents to create a full brand kit in 60 seconds.,#TechnicalArchitecture #AIWorkflow #Innovation,"150+ reactions, 20+ shares",$0 (technical credibility)
7,X (Twitter),Legal Update,Making it Official: DBA Filing LIVE,"Tomorrow, 2 PM PST. We're making it official. Watch live as we file the DBA for 'Project Chimera' using docs generated by our AI. An AI is getting its public name.",#AIgetsReal #LegalFiling #ProjectChimera #Milestone,"200+ likes, 15+ retweets",$0 (legitimacy)
8,Instagram,Stories Series,DBA Filing Process,Step-by-step Instagram Stories showing the entire DBA filing process. Educational content about starting an AI venture.,#ProjectChimera #AIVenture #LegalProcess,500+ story views,$0 (educational value)
9,X (Twitter),Launch Announcement,Project Chimera is LIVE!,The moment we've all been waiting for. Project Chimera is officially live and accepting orders. Get your complete brand identity in 60 seconds for $99. First 10 customers get a free social media add-on.,#ProjectChimeraLive #AIBranding #LaunchDay #SpecialOffer,"400+ likes, 30+ retweets",$990 (10 sales)
10,LinkedIn,Success Story,THIS IS NOT A DRILL: First Sale!,Project Chimera just made its first sale. $99. Someone out there is building their dream on a brand our AI created moments ago. The future is here.,#FirstSale #ProjectChimera #AIBusiness #Milestone,"300+ reactions, 25+ comments",$200 (additional sales)
11,TikTok,Customer Showcase,Our AI Just Branded a Coffee Shop,"Real customer, real brand, real business. Watch how Project Chimera created a complete brand identity for a local coffee shop in 60 seconds.",#CustomerSuccess #AIBranding #ProjectChimera #RealResults,"2000+ views, 200+ likes",$300 (viral boost)
12,YouTube,Tutorial,How to Use Project Chimera,Complete walkthrough of the Project Chimera experience. From prompt to brand kit in 60 seconds.,#Tutorial #ProjectChimera #AIBranding,"100+ views, 10+ likes",$200 (tutorial viewers)
13,X (Twitter),Metrics Update,Week 1 Numbers,"Project Chimera Week 1 metrics: 25 brand kits delivered, $2,475 revenue, 4.8/5 customer satisfaction. The autonomous venture is working!",#WeekOneMetrics #ProjectChimera #AIVenture #Growth,"250+ likes, 20+ retweets",$400 (momentum)
14,LinkedIn,Thought Leadership,Autonomous Ventures: Scaling Beyond Human Limits,How Project Chimera processes 100x more customers than traditional design agencies. The economics of AI-first business models.,#AIEconomics #BusinessInnovation #ScaleStrategy,"200+ reactions, 15+ shares",$300 (thought leadership sales)
15,Instagram,Before/After,Brand Transformations,"Carousel post showing 5 amazing before/after brand transformations created by Project Chimera. Real businesses, real results.",#BrandTransformation #ProjectChimera #AIDesign,"1000+ likes, 50+ comments",$500 (visual impact)
